aws0_100,DEP2RES,HeatLoad,MAPMCMT,Rad_sm,B_TD,soc_05,soc0_20,slope,pratio,consLITH,QMD,RC_PROP,WH_PROP,GF_PROP,LP_PROP,WL_PROP,DF_PROP,PP_PROP
177.77,201.0,1393.0142,-1.4761001,203.0,23.2,1015.0,4062.0,3.4705355,0.3614931,2.0,10.0,0.0,0.0,0.0,0.0,0.0,0.7,0.3
177.77,201.0,1390.6581,-1.4761001,203.0,23.2,1015.0,4062.0,3.0736578,0.3614931,2.0,10.0,0.0,0.0,0.0,0.0,0.0,0.7,0.3
153.68,201.0,1377.4353,-1.4761001,203.0,23.2,458.0,1614.0,3.1487057,0.3614931,2.0,10.0,0.0,0.0,0.0,0.0,0.0,0.7,0.3
153.68,201.0,1363.5067,-1.4761001,203.0,23.2,458.0,1614.0,2.600737,0.3614931,2.0,10.0,0.0,0.0,0.0,0.0,0.0,0.7,0.3
153.68,201.0,1357.4714,-1.4761001,203.0,23.2,458.0,1614.0,2.0092142,0.3614931,2.0,10.0,0.0,0.0,0.0,0.0,0.0,0.7,0.3
153.68,201.0,1350.2511,-1.4761001,203.0,23.2,458.0,1614.0,4.1681495,0.3614931,2.0,10.0,0.0,0.0,0.0,0.0,0.0,0.7,0.3
153.68,201.0,1320.8778,-1.4761001,203.0,23.2,458.0,1614.0,8.015202,0.3614931,2.0,10.0,0.0,0.0,0.0,0.0,0.0,0.7,0.3
153.68,201.0,1300.1854,-1.4761001,203.0,23.2,458.0,1614.0,7.312501,0.3614931,2.0,10.0,0.0,0.0,0.0,0.0,0.0,0.7,0.3
153.68,201.0,1250.4629,-1.6057999,203.0,23.2,458.0,1614.0,7.4569063,0.35907337,2.0,10.0,0.0,0.0,0.0,0.0,0.0,0.7,0.3
153.68,201.0,1195.0232,-1.6057999,203.0,23.2,458.0,1614.0,10.603712,0.35907337,2.0,10.0,0.0,0.0,0.0,0.0,0.0,0.7,0.3
153.68,201.0,1214.508,-1.6057999,203.0,23.2,458.0,1614.0,8.839937,0.35907337,2.0,10.0,0.0,0.0,0.0,0.0,0.0,0.7,0.3
153.68,201.0,1265.7445,-1.6057999,204.0,23.2,458.0,1614.0,5.0228114,0.35907337,2.0,10.0,0.0,0.0,0.0,0.0,0.0,0.7,0.3
153.68,201.0,1284.6198,-1.6057999,204.0,23.2,458.0,1614.0,4.3714275,0.35907337,2.0,10.0,0.0,0.0,0.0,0.0,0.0,0.7,0.3
153.68,201.0,1292.3942,-1.6057999,204.0,23.2,458.0,1614.0,4.944437,0.35907337,2.0,10.0,0.0,0.0,0.0,0.0,0.0,0.7,0.3
153.68,201.0,1284.5751,-1.6057999,204.0,23.2,458.0,1614.0,9.390136,0.35907337,2.0,10.0,0.0,0.0,0.0,0.0,0.0,0.7,0.3
153.68,201.0,1301.7056,-1.6057999,204.0,23.2,458.0,1614.0,6.004916,0.35907337,2.0,10.0,0.0,0.0,0.0,0.0,0.0,0.7,0.3
153.68,201.0,1340.0822,-1.6057999,204.0,23.2,458.0,1614.0,6.140287,0.35907337,2.0,10.0,0.0,0.0,0.0,0.0,0.0,0.7,0.3
153.68,201.0,1362.3436,-1.6057999,204.0,23.2,458.0,1614.0,4.1192346,0.35907337,2.0,10.0,0.0,0.0,0.0,0.0,0.0,0.7,0.3
153.68,201.0,1359.6184,-1.6057999,204.0,23.2,458.0,1614.0,2.245312,0.35907337,2.0,10.0,0.0,0.0,0.0,0.0,0.0,0.7,0.3
177.77,201.0,1403.2999,-1.4761001,203.0,23.2,1015.0,4062.0,3.876262,0.3614931,2.0,10.0,0.0,0.0,0.0,0.0,0.0,0.7,0.3
177.77,201.0,1405.8558,-1.4761001,203.0,23.2,1015.0,4062.0,3.5765207,0.3614931,2.0,10.0,0.0,0.0,0.0,0.0,0.0,0.7,0.3
153.68,201.0,1375.21,-1.4761001,203.0,23.2,458.0,1614.0,4.3144536,0.3614931,2.0,10.0,0.0,0.0,0.0,0.0,0.0,0.7,0.3
153.68,201.0,1343.8109,-1.4761001,203.0,23.2,458.0,1614.0,3.466125,0.3614931,2.0,10.0,0.0,0.0,0.0,0.0,0.0,0.7,0.3
153.68,201.0,1307.7375,-1.4761001,203.0,23.2,458.0,1614.0,3.8032274,0.3614931,2.0,10.0,0.0,0.0,0.0,0.0,0.0,0.7,0.3
153.68,201.0,1213.3596,-1.4761001,203.0,23.2,458.0,1614.0,8.408857,0.3614931,2.0,10.0,0.0,0.0,0.0,0.0,0.0,0.7,0.3
153.68,201.0,1134.5292,-1.4761001,203.0,23.2,458.0,1614.0,10.069259,0.3614931,2.0,10.0,0.0,0.0,0.0,0.0,0.0,0.7,0.3
153.68,201.0,1162.2229,-1.4761001,203.0,23.2,458.0,1614.0,7.5747223,0.3614931,2.0,10.0,0.0,0.0,0.0,0.0,0.0,0.7,0.3
153.68,201.0,1190.7045,-1.6057999,203.0,23.2,458.0,1614.0,7.253936,0.35907337,2.0,10.0,0.0,0.0,0.0,0.0,0.0,0.7,0.3
153.68,201.0,1158.72,-1.6057999,203.0,23.2,458.0,1614.0,8.798952,0.35907337,2.0,10.0,0.0,0.0,0.0,0.0,0.0,0.7,0.3
153.68,201.0,1181.8645,-1.6057999,203.0,23.2,458.0,1614.0,6.944533,0.35907337,2.0,10.0,0.0,0.0,0.0,0.0,0.0,0.7,0.3
153.68,201.0,1187.6461,-1.6057999,204.0,23.2,458.0,1614.0,6.2517114,0.35907337,2.0,10.0,0.0,0.0,0.0,0.0,0.0,0.7,0.3
153.68,201.0,1173.8954,-1.6057999,204.0,23.2,458.0,1614.0,6.4889045,0.35907337,2.0,10.0,0.0,0.0,0.0,0.0,0.0,0.7,0.3
153.68,201.0,1158.9851,-1.6057999,204.0,23.2,458.0,1614.0,7.1943345,0.35907337,2.0,10.0,0.0,0.0,0.0,0.0,0.0,0.7,0.3
153.68,201.0,1172.9092,-1.6057999,204.0,23.2,458.0,1614.0,8.902494,0.35907337,2.0,10.0,0.0,0.0,0.0,0.0,0.0,0.7,0.3
153.68,201.0,1259.0051,-1.6057999,204.0,23.2,458.0,1614.0,4.4321165,0.35907337,2.0,10.0,0.0,0.0,0.0,0.0,0.0,0.7,0.3
153.68,201.0,1304.7417,-1.6057999,204.0,23.2,458.0,1614.0,4.813839,0.35907337,2.0,10.0,0.0,0.0,0.0,0.0,0.0,0.7,0.3
153.68,201.0,1338.5608,-1.6057999,204.0,23.2,458.0,1614.0,3.3814101,0.35907337,2.0,10.0,0.0,0.0,0.0,0.0,0.0,0.7,0.3
153.68,201.0,1347.7988,-1.6057999,204.0,23.2,458.0,1614.0,2.1436481,0.35907337,2.0,10.0,0.0,0.0,0.0,0.0,0.0,0.7,0.3
177.77,201.0,1399.8374,-1.4761001,203.0,23.2,1015.0,4062.0,3.2069523,0.3614931,2.0,10.0,0.0,0.0,0.0,0.0,0.0,0.7,0.3
177.77,201.0,1401.4404,-1.4761001,203.0,23.2,1015.0,4062.0,3.0916512,0.3614931,2.0,10.0,0.0,0.0,0.0,0.0,0.0,0.7,0.3
153.68,201.0,1361.73,-1.4761001,203.0,23.2,458.0,1614.0,7.4761395,0.3614931,2.0,10.0,0.0,0.0,0.0,0.0,0.0,0.7,0.3
153.68,201.0,1326.0569,-1.4761001,203.0,23.2,458.0,1614.0,5.4001617,0.3614931,2.0,10.0,0.0,0.0,0.0,0.0,0.0,0.7,0.3
153.68,201.0,1289.127,-1.4761001,203.0,23.2,458.0,1614.0,6.1437783,0.3614931,2.0,10.0,0.0,0.0,0.0,0.0,0.0,0.7,0.3
153.68,201.0,1226.4679,-1.4761001,203.0,23.2,458.0,1614.0,9.385471,0.3614931,2.0,10.0,0.0,0.0,0.0,0.0,0.0,0.7,0.3
153.68,201.0,1251.564,-1.4761001,203.0,23.2,458.0,1614.0,2.4714835,0.3614931,2.0,10.0,0.0,0.0,0.0,0.0,0.0,0.7,0.3
153.68,201.0,1272.873,-1.4761001,203.0,23.2,458.0,1614.0,1.4683567,0.3614931,2.0,10.0,0.0,0.0,0.0,0.0,0.0,0.7,0.3
153.68,201.0,1272.9403,-1.6057999,203.0,23.2,458.0,1614.0,1.7465407,0.35907337,2.0,10.0,0.0,0.0,0.0,0.0,0.0,0.7,0.3
153.68,201.0,1243.029,-1.6057999,203.0,23.2,458.0,1614.0,6.581555,0.35907337,2.0,10.0,0.0,0.0,0.0,0.0,0.0,0.7,0.3
153.68,201.0,1208.5326,-1.6057999,203.0,23.2,458.0,1614.0,7.4308267,0.35907337,2.0,10.0,0.0,0.0,0.0,0.0,0.0,0.7,0.3
153.68,201.0,1170.0015,-1.6057999,204.0,23.2,458.0,1614.0,9.1258545,0.35907337,2.0,10.0,0.0,0.0,0.0,0.0,0.0,0.7,0.3
153.68,201.0,1145.7085,-1.6057999,204.0,23.2,458.0,1614.0,8.866855,0.35907337,2.0,10.0,0.0,0.0,0.0,0.0,0.0,0.7,0.3
153.68,201.0,1152.742,-1.6057999,204.0,23.2,458.0,1614.0,7.6847725,0.35907337,2.0,10.0,0.0,0.0,0.0,0.0,0.0,0.7,0.3
153.68,201.0,1214.5997,-1.6057999,204.0,23.2,458.0,1614.0,5.1366944,0.35907337,2.0,10.0,0.0,0.0,0.0,0.0,0.0,0.7,0.3
153.68,201.0,1259.8848,-1.6057999,204.0,23.2,458.0,1614.0,3.113519,0.35907337,2.0,10.0,0.0,0.0,0.0,0.0,0.0,0.7,0.3
153.68,201.0,1290.3483,-1.6057999,204.0,23.2,458.0,1614.0,2.2250268,0.35907337,2.0,10.0,0.0,0.0,0.0,0.0,0.0,0.7,0.3
153.68,201.0,1324.8464,-1.6057999,204.0,23.2,458.0,1614.0,1.7024022,0.35907337,2.0,10.0,0.0,0.0,0.0,0.0,0.0,0.7,0.3
153.68,201.0,1339.9584,-1.6057999,204.0,23.2,458.0,1614.0,1.2095408,0.35907337,2.0,10.0,0.0,0.0,0.0,0.0,0.0,0.7,0.3
177.77,201.0,1391.9304,-1.4761001,203.0,23.2,1015.0,4062.0,1.4978359,0.3614931,2.0,10.0,0.0,0.0,0.0,0.0,0.0,0.7,0.3
153.68,201.0,1374.5991,-1.4761001,203.0,23.2,458.0,1614.0,3.7053852,0.3614931,2.0,10.0,0.0,0.0,0.0,0.0,0.0,0.7,0.3
153.68,201.0,1331.4204,-1.4761001,203.0,23.2,458.0,1614.0,8.811255,0.3614931,2.0,10.0,0.0,0.0,0.0,0.0,0.0,0.7,0.3
153.68,201.0,1309.7687,-1.4761001,203.0,23.2,458.0,1614.0,5.3128085,0.3614931,2.0,10.0,0.0,0.0,0.0,0.0,0.0,0.7,0.3
153.68,201.0,1303.3586,-1.4761001,203.0,23.2,458.0,1614.0,5.475059,0.3614931,2.0,10.0,0.0,0.0,0.0,0.0,0.0,0.7,0.3
153.68,201.0,1300.0396,-1.4761001,203.0,23.2,458.0,1614.0,8.155189,0.3614931,2.0,10.0,0.0,0.0,0.0,0.0,0.0,0.7,0.3
153.68,201.0,1348.7664,-1.4761001,203.0,23.2,458.0,1614.0,3.2902577,0.3614931,2.0,10.0,0.0,0.0,0.0,0.0,0.0,0.7,0.3
153.68,201.0,1347.6041,-1.4761001,203.0,23.2,458.0,1614.0,0.30693454,0.3614931,2.0,10.0,0.0,0.0,0.0,0.0,0.0,0.7,0.3
153.68,201.0,1327.0728,-1.4761001,203.0,23.2,458.0,1614.0,2.089574,0.3614931,2.0,10.0,0.0,0.0,0.0,0.0,0.0,0.7,0.3
153.68,201.0,1266.6104,-1.6057999,203.0,23.2,458.0,1614.0,7.5645695,0.35907337,2.0,10.0,0.0,0.0,0.0,0.0,0.0,0.7,0.3
153.68,201.0,1207.8475,-1.6057999,203.0,23.2,458.0,1614.0,10.431294,0.35907337,2.0,10.0,0.0,0.0,0.0,0.0,0.0,0.7,0.3
153.68,201.0,1133.1827,-1.6057999,204.0,23.2,458.0,1614.0,11.191662,0.35907337,2.0,10.0,0.0,0.0,0.0,0.0,0.0,0.7,0.3
153.68,201.0,1117.1847,-1.6057999,204.0,23.2,458.0,1614.0,9.205175,0.35907337,2.0,10.0,0.0,0.0,0.0,0.0,0.0,0.7,0.3
153.68,201.0,1144.8848,-1.6057999,204.0,23.2,458.0,1614.0,8.20581,0.35907337,2.0,10.0,0.0,0.0,0.0,0.0,0.0,0.7,0.3
153.68,201.0,1214.4209,-1.6057999,204.0,23.2,458.0,1614.0,5.7637043,0.35907337,2.0,10.0,0.0,0.0,0.0,0.0,0.0,0.7,0.3
153.68,201.0,1258.3173,-1.6057999,204.0,23.2,458.0,1614.0,3.2872381,0.35907337,2.0,10.0,0.0,0.0,0.0,0.0,0.0,0.7,0.3
153.68,201.0,1288.3081,-1.6057999,204.0,23.2,458.0,1614.0,1.8320837,0.35907337,2.0,10.0,0.0,0.0,0.0,0.0,0.0,0.7,0.3
153.68,201.0,1314.8456,-1.6057999,204.0,23.2,458.0,1614.0,0.9986592,0.35907337,2.0,10.0,0.0,0.0,0.0,0.0,0.0,0.7,0.3
153.68,201.0,1331.5983,-1.6057999,204.0,23.2,458.0,1614.0,0.60605043,0.35907337,2.0,10.0,0.0,0.0,0.0,0.0,0.0,0.7,0.3
177.77,201.0,1369.5131,-1.4761001,203.0,23.2,1015.0,4062.0,0.18727621,0.3614931,2.0,10.0,0.0,0.0,0.0,0.0,0.0,0.7,0.3
153.68,201.0,1328.1705,-1.4761001,203.0,23.2,458.0,1614.0,5.131383,0.3614931,2.0,10.0,0.0,0.0,0.0,0.0,0.0,0.7,0.3
153.68,201.0,1295.2703,-1.4761001,203.0,23.2,458.0,1614.0,9.497189,0.3614931,2.0,10.0,0.0,0.0,0.0,0.0,0.0,0.7,0.3
153.68,201.0,1303.3997,-1.4761001,203.0,23.2,458.0,1614.0,3.9366872,0.3614931,2.0,10.0,0.0,0.0,0.0,0.0,0.0,0.7,0.3
153.68,201.0,1333.992,-1.4761001,203.0,23.2,458.0,1614.0,4.21909,0.3614931,2.0,10.0,0.0,0.0,0.0,0.0,0.0,0.7,0.3
153.68,201.0,1362.8613,-1.4761001,203.0,23.2,458.0,1614.0,7.2203383,0.3614931,2.0,10.0,0.0,0.0,0.0,0.0,0.0,0.7,0.3
153.68,201.0,1394.3225,-1.4761001,203.0,23.2,458.0,1614.0,5.081501,0.3614931,2.0,10.0,0.0,0.0,0.0,0.0,0.0,0.7,0.3
153.68,201.0,1379.028,-1.4761001,203.0,23.2,458.0,1614.0,2.3686197,0.3614931,2.0,10.0,0.0,0.0,0.0,0.0,0.0,0.7,0.3
153.68,201.0,1335.9469,-1.4761001,203.0,23.2,458.0,1614.0,3.090953,0.3614931,2.0,10.0,0.0,0.0,0.0,0.0,0.0,0.7,0.3
153.68,201.0,1260.8938,-1.6057999,203.0,23.2,458.0,1614.0,8.566193,0.35907337,2.0,10.0,0.0,0.0,0.0,0.0,0.0,0.7,0.3
153.68,201.0,1188.1635,-1.6057999,203.0,23.2,458.0,1614.0,12.794869,0.35907337,2.0,10.0,0.0,0.0,0.0,0.0,0.0,0.7,0.3
153.68,201.0,1084.476,-1.6057999,204.0,23.2,458.0,1614.0,9.960452,0.35907337,2.0,10.0,0.0,0.0,0.0,0.0,0.0,0.7,0.3
153.68,201.0,1110.251,-1.6057999,204.0,23.2,458.0,1614.0,6.781644,0.35907337,2.0,10.0,0.0,0.0,0.0,0.0,0.0,0.7,0.3
153.68,201.0,1135.8639,-1.6057999,204.0,23.2,458.0,1614.0,6.5859566,0.35907337,2.0,10.0,0.0,0.0,0.0,0.0,0.0,0.7,0.3
153.68,201.0,1194.6184,-1.6057999,204.0,23.2,458.0,1614.0,5.247368,0.35907337,2.0,10.0,0.0,0.0,0.0,0.0,0.0,0.7,0.3
153.68,201.0,1250.6898,-1.6057999,204.0,23.2,458.0,1614.0,3.4147701,0.35907337,2.0,10.0,0.0,0.0,0.0,0.0,0.0,0.7,0.3
153.68,201.0,1281.8672,-1.6057999,204.0,23.2,458.0,1614.0,2.002099,0.35907337,2.0,10.0,0.0,0.0,0.0,0.0,0.0,0.7,0.3
153.68,201.0,1308.2672,-1.6057999,204.0,23.2,458.0,1614.0,0.53230196,0.35907337,2.0,10.0,0.0,0.0,0.0,0.0,0.0,0.7,0.3
153.68,201.0,1325.6793,-1.6057999,204.0,23.2,458.0,1614.0,0.39521304,0.35907337,2.0,10.0,0.0,0.0,0.0,0.0,0.0,0.7,0.3
177.77,201.0,1343.3439,-1.4761001,203.0,23.2,1015.0,4062.0,0.9011004,0.3614931,2.0,10.0,0.0,0.0,0.0,0.0,0.0,0.7,0.3
153.68,201.0,1313.942,-1.4761001,203.0,23.2,458.0,1614.0,5.9984956,0.3614931,2.0,10.0,0.0,0.0,0.0,0.0,0.0,0.7,0.3
153.68,201.0,1308.1482,-1.4761001,203.0,23.2,458.0,1614.0,8.836434,0.3614931,2.0,10.0,0.0,0.0,0.0,0.0,0.0,0.7,0.3
153.68,201.0,1350.196,-1.4761001,203.0,23.2,458.0,1614.0,2.42449,0.3614931,2.0,10.0,0.0,0.0,0.0,0.0,0.0,0.7,0.3
153.68,201.0,1382.1201,-1.4761001,203.0,23.2,458.0,1614.0,3.1341696,0.3614931,2.0,10.0,0.0,0.0,0.0,0.0,0.0,0.7,0.3
153.68,201.0,1418.665,-1.4761001,203.0,23.2,458.0,1614.0,6.2309904,0.3614931,2.0,10.0,0.0,0.0,0.0,0.0,0.0,0.7,0.3
153.68,201.0,1422.6378,-1.4761001,203.0,23.2,458.0,1614.0,6.621877,0.3614931,2.0,10.0,0.0,0.0,0.0,0.0,0.0,0.7,0.3
153.68,201.0,1402.0394,-1.4761001,203.0,23.2,458.0,1614.0,5.0043063,0.3614931,2.0,10.0,0.0,0.0,0.0,0.0,0.0,0.7,0.3
153.68,201.0,1356.0912,-1.4761001,203.0,23.2,458.0,1614.0,4.3975616,0.3614931,2.0,10.0,0.0,0.0,0.0,0.0,0.0,0.7,0.3
153.68,201.0,1325.5249,-1.6057999,203.0,23.2,458.0,1614.0,9.129659,0.35907337,2.0,10.0,0.0,0.0,0.0,0.0,0.0,0.7,0.3
153.68,201.0,1250.0042,-1.6057999,203.0,23.2,458.0,1614.0,13.488361,0.35907337,2.0,10.0,0.0,0.0,0.0,0.0,0.0,0.7,0.3
153.68,201.0,1275.9843,-1.6057999,204.0,23.2,458.0,1614.0,7.8459425,0.35907337,2.0,10.0,0.0,0.0,0.0,0.0,0.0,0.7,0.3
153.68,201.0,1268.5424,-1.6057999,204.0,23.2,458.0,1614.0,2.5364873,0.35907337,2.0,10.0,0.0,0.0,0.0,0.0,0.0,0.7,0.3
153.68,201.0,1266.2025,-1.6057999,204.0,23.2,458.0,1614.0,3.6342337,0.35907337,2.0,10.0,0.0,0.0,0.0,0.0,0.0,0.7,0.3
153.68,201.0,1248.9559,-1.6057999,204.0,23.2,458.0,1614.0,4.209678,0.35907337,2.0,10.0,0.0,0.0,0.0,0.0,0.0,0.7,0.3
153.68,201.0,1258.2684,-1.6057999,204.0,23.2,458.0,1614.0,3.4065318,0.35907337,2.0,10.0,0.0,0.0,0.0,0.0,0.0,0.7,0.3
153.68,201.0,1279.7932,-1.6057999,204.0,23.2,458.0,1614.0,2.3097856,0.35907337,2.0,10.0,0.0,0.0,0.0,0.0,0.0,0.7,0.3
153.68,201.0,1301.6338,-1.6057999,204.0,23.2,458.0,1614.0,1.2116008,0.35907337,2.0,10.0,0.0,0.0,0.0,0.0,0.0,0.7,0.3
153.68,201.0,1323.3723,-1.6057999,204.0,23.2,458.0,1614.0,0.6975461,0.35907337,2.0,10.0,0.0,0.0,0.0,0.0,0.0,0.7,0.3
153.68,201.0,1339.9119,-1.4761001,203.0,23.2,458.0,1614.0,1.7605473,0.3614931,2.0,10.0,0.0,0.0,0.0,0.0,0.0,0.7,0.3
153.68,201.0,1326.4941,-1.4761001,203.0,23.2,458.0,1614.0,5.7322636,0.3614931,2.0,10.0,0.0,0.0,0.0,0.0,0.0,0.7,0.3
153.68,201.0,1350.0812,-1.4761001,203.0,23.2,458.0,1614.0,6.49098,0.3614931,2.0,10.0,0.0,0.0,0.0,0.0,0.0,0.7,0.3
153.68,201.0,1378.3159,-1.4761001,203.0,23.2,458.0,1614.0,3.1928356,0.3614931,2.0,10.0,0.0,0.0,0.0,0.0,0.0,0.7,0.3
153.68,201.0,1385.0311,-1.4761001,203.0,23.2,458.0,1614.0,1.678947,0.3614931,2.0,10.0,0.0,0.0,0.0,0.0,0.0,0.7,0.3
153.68,201.0,1414.0029,-1.4761001,203.0,23.2,458.0,1614.0,2.6370063,0.3614931,2.0,10.0,0.0,0.0,0.0,0.0,0.0,0.7,0.3
153.68,201.0,1425.7322,-1.4761001,203.0,23.2,458.0,1614.0,7.064675,0.3614931,2.0,10.0,0.0,0.0,0.0,0.0,0.0,0.7,0.3
153.68,201.0,1408.3363,-1.4761001,203.0,23.2,458.0,1614.0,9.482172,0.3614931,2.0,10.0,0.0,0.0,0.0,0.0,0.0,0.7,0.3
153.68,201.0,1373.934,-1.4761001,203.0,23.2,458.0,1614.0,6.599486,0.3614931,2.0,10.0,0.0,0.0,0.0,0.0,0.0,0.7,0.3
153.68,201.0,1363.5822,-1.6057999,203.0,23.2,458.0,1614.0,8.448297,0.35907337,2.0,10.0,0.0,0.0,0.0,0.0,0.0,0.7,0.3
153.68,201.0,1327.9954,-1.6057999,203.0,23.2,458.0,1614.0,13.456828,0.35907337,2.0,10.0,0.0,0.0,0.0,0.0,0.0,0.7,0.3
153.68,201.0,1364.4154,-1.6057999,204.0,23.2,458.0,1614.0,12.434453,0.35907337,2.0,10.0,0.0,0.0,0.0,0.0,0.0,0.7,0.3
153.68,201.0,1332.375,-1.6057999,204.0,23.2,458.0,1614.0,3.4626577,0.35907337,2.0,10.0,0.0,0.0,0.0,0.0,0.0,0.7,0.3
153.68,201.0,1309.3712,-1.6057999,204.0,23.2,458.0,1614.0,0.86268586,0.35907337,2.0,10.0,0.0,0.0,0.0,0.0,0.0,0.7,0.3
153.68,201.0,1275.501,-1.6057999,204.0,23.2,458.0,1614.0,1.8859662,0.35907337,2.0,10.0,0.0,0.0,0.0,0.0,0.0,0.7,0.3
153.68,201.0,1270.0002,-1.6057999,204.0,23.2,458.0,1614.0,3.2569113,0.35907337,2.0,10.0,0.0,0.0,0.0,0.0,0.0,0.7,0.3
153.68,201.0,1286.6117,-1.6057999,204.0,23.2,458.0,1614.0,2.9071987,0.35907337,2.0,10.0,0.0,0.0,0.0,0.0,0.0,0.7,0.3
153.68,201.0,1301.5983,-1.6057999,204.0,23.2,458.0,1614.0,2.4892588,0.35907337,2.0,10.0,0.0,0.0,0.0,0.0,0.0,0.7,0.3
153.68,201.0,1319.2888,-1.6057999,204.0,23.2,458.0,1614.0,1.7350628,0.35907337,2.0,10.0,0.0,0.0,0.0,0.0,0.0,0.7,0.3
153.68,201.0,1338.2843,-1.4761001,203.0,23.2,458.0,1614.0,1.7643735,0.3614931,2.0,10.0,0.0,0.0,0.0,0.0,0.0,0.7,0.3
153.68,201.0,1341.6611,-1.4761001,203.0,23.2,458.0,1614.0,5.0187526,0.3614931,2.0,10.0,0.0,0.0,0.0,0.0,0.0,0.7,0.3
153.68,201.0,1368.8563,-1.4761001,203.0,23.2,458.0,1614.0,5.6501875,0.3614931,2.0,10.0,0.0,0.0,0.0,0.0,0.0,0.7,0.3
153.68,201.0,1386.9133,-1.4761001,203.0,23.2,458.0,1614.0,3.2831118,0.3614931,2.0,10.0,0.0,0.0,0.0,0.0,0.0,0.7,0.3
153.68,201.0,1375.734,-1.4761001,203.0,23.2,458.0,1614.0,1.2862431,0.3614931,2.0,10.0,0.0,0.0,0.0,0.0,0.0,0.7,0.3
153.68,201.0,1387.5294,-1.4761001,203.0,23.2,458.0,1614.0,1.1043011,0.3614931,2.0,10.0,0.0,0.0,0.0,0.0,0.0,0.7,0.3
153.68,201.0,1411.8224,-1.4761001,203.0,23.2,458.0,1614.0,5.1186023,0.3614931,2.0,10.0,0.0,0.0,0.0,0.0,0.0,0.7,0.3
153.68,201.0,1401.2013,-1.4761001,203.0,23.2,458.0,1614.0,11.072724,0.3614931,2.0,10.0,0.0,0.0,0.0,0.0,0.0,0.7,0.3
153.68,201.0,1382.2383,-1.4761001,203.0,23.2,458.0,1614.0,7.1169667,0.3614931,2.0,10.0,0.0,0.0,0.0,0.0,0.0,0.7,0.3
153.68,201.0,1412.1409,-1.6057999,203.0,23.2,458.0,1614.0,6.191321,0.35907337,2.0,10.0,0.0,0.0,0.0,0.0,0.0,0.7,0.3
153.68,201.0,1392.5414,-1.6057999,203.0,23.2,458.0,1614.0,13.2551565,0.35907337,2.0,10.0,0.0,0.0,0.0,0.0,0.0,0.7,0.3
153.68,201.0,1397.834,-1.6057999,204.0,23.2,458.0,1614.0,13.789338,0.35907337,2.0,10.0,0.0,0.0,0.0,0.0,0.0,0.7,0.3
153.68,201.0,1358.8253,-1.6057999,204.0,23.2,458.0,1614.0,5.1217356,0.35907337,2.0,10.0,0.0,0.0,0.0,0.0,0.0,0.7,0.3
153.68,201.0,1317.4875,-1.6057999,204.0,23.2,458.0,1614.0,0.109161295,0.35907337,2.0,10.0,0.0,0.0,0.0,0.0,0.0,0.7,0.3
153.68,201.0,1292.6064,-1.6057999,204.0,23.2,458.0,1614.0,0.9496067,0.35907337,2.0,10.0,0.0,0.0,0.0,0.0,0.0,0.7,0.3
153.68,201.0,1278.304,-1.6057999,204.0,23.2,458.0,1614.0,2.8261523,0.35907337,2.0,10.0,0.0,0.0,0.0,0.0,0.0,0.7,0.3
153.68,201.0,1292.3607,-1.6057999,204.0,23.2,458.0,1614.0,3.4168482,0.35907337,2.0,10.0,0.0,0.0,0.0,0.0,0.0,0.7,0.3
153.68,201.0,1308.4596,-1.6057999,204.0,23.2,458.0,1614.0,2.9299297,0.35907337,2.0,10.0,0.0,0.0,0.0,0.0,0.0,0.7,0.3
153.68,201.0,1319.8314,-1.6057999,204.0,23.2,458.0,1614.0,2.1658688,0.35907337,2.0,10.0,0.0,0.0,0.0,0.0,0.0,0.7,0.3
153.68,201.0,1351.8512,-1.4761001,203.0,23.2,458.0,1614.0,1.407777,0.3614931,2.0,10.0,0.0,0.0,0.0,0.0,0.0,0.7,0.3
153.68,201.0,1357.0149,-1.4761001,203.0,23.2,458.0,1614.0,4.7644777,0.3614931,2.0,10.0,0.0,0.0,0.0,0.0,0.0,0.7,0.3
153.68,201.0,1357.4667,-1.4761001,203.0,23.2,458.0,1614.0,5.1952844,0.3614931,2.0,10.0,0.0,0.0,0.0,0.0,0.0,0.7,0.3
153.68,201.0,1359.2216,-1.4761001,203.0,23.2,458.0,1614.0,3.3356059,0.3614931,2.0,10.0,0.0,0.0,0.0,0.0,0.0,0.7,0.3
153.68,201.0,1355.0736,-1.4761001,203.0,23.2,458.0,1614.0,1.2384495,0.3614931,2.0,10.0,0.0,0.0,0.0,0.0,0.0,0.7,0.3
153.68,201.0,1357.5166,-1.4761001,203.0,23.2,458.0,1614.0,0.6711204,0.3614931,2.0,10.0,0.0,0.0,0.0,0.0,0.0,0.7,0.3
153.68,201.0,1341.6223,-1.4761001,203.0,23.2,458.0,1614.0,4.228747,0.3614931,2.0,10.0,0.0,0.0,0.0,0.0,0.0,0.7,0.3
153.68,201.0,1318.1609,-1.4761001,203.0,23.2,458.0,1614.0,11.34218,0.3614931,2.0,10.0,0.0,0.0,0.0,0.0,0.0,0.7,0.3
153.68,201.0,1332.4907,-1.4761001,203.0,23.2,458.0,1614.0,6.277019,0.3614931,2.0,10.0,0.0,0.0,0.0,0.0,0.0,0.7,0.3
153.68,201.0,1369.7106,-1.4761001,203.0,23.2,458.0,1614.0,2.2447257,0.3614931,2.0,10.0,0.0,0.0,0.0,0.0,0.0,0.7,0.3
153.68,201.0,1318.431,-1.6057999,203.0,23.2,458.0,1614.0,11.880837,0.35907337,2.0,10.0,0.0,0.0,0.0,0.0,0.0,0.7,0.3
153.68,201.0,1273.963,-1.6057999,204.0,23.2,458.0,1614.0,14.670258,0.35907337,2.0,10.0,0.0,0.0,0.0,0.0,0.0,0.7,0.3
153.68,201.0,1297.9276,-1.6057999,204.0,23.2,458.0,1614.0,5.7182965,0.35907337,2.0,10.0,0.0,0.0,0.0,0.0,0.0,0.7,0.3
153.68,201.0,1317.866,-1.6057999,204.0,23.2,458.0,1614.0,0.2112192,0.35907337,2.0,10.0,0.0,0.0,0.0,0.0,0.0,0.7,0.3
108.8,201.0,1318.0438,-1.6057999,204.0,23.2,545.0,1830.0,0.50306636,0.35907337,2.0,10.0,0.0,0.0,0.0,0.0,0.0,0.7,0.3
108.8,201.0,1314.7341,-1.6057999,204.0,23.2,545.0,1830.0,2.4597352,0.35907337,2.0,10.0,0.0,0.0,0.0,0.0,0.0,0.7,0.3
108.8,201.0,1308.2445,-1.6057999,204.0,23.2,545.0,1830.0,3.4145718,0.35907337,2.0,10.0,0.0,0.0,0.0,0.0,0.0,0.7,0.3
108.8,201.0,1311.9387,-1.6057999,204.0,23.2,545.0,1830.0,3.331595,0.35907337,2.0,10.0,0.0,0.0,0.0,0.0,0.0,0.7,0.3
108.8,201.0,1319.9843,-1.6057999,204.0,23.2,545.0,1830.0,2.459069,0.35907337,2.0,10.0,0.0,0.0,0.0,0.0,0.0,0.7,0.3
153.68,201.0,1355.4132,-1.4761001,203.0,23.2,458.0,1614.0,1.9119378,0.3614931,2.0,10.0,0.0,0.0,0.0,0.0,0.0,0.7,0.3
153.68,201.0,1349.9564,-1.4761001,203.0,23.2,458.0,1614.0,5.2714486,0.3614931,2.0,10.0,0.0,0.0,0.0,0.0,0.0,0.7,0.3
153.68,201.0,1342.2832,-1.4761001,203.0,23.2,458.0,1614.0,4.9477973,0.3614931,2.0,10.0,0.0,0.0,0.0,0.0,0.0,0.7,0.3
153.68,201.0,1340.2722,-1.4761001,203.0,23.2,458.0,1614.0,4.9110303,0.3614931,2.0,10.0,0.0,0.0,0.0,0.0,0.0,0.7,0.3
153.68,201.0,1327.8674,-1.4761001,203.0,23.2,458.0,1614.0,3.748167,0.3614931,2.0,10.0,0.0,0.0,0.0,0.0,0.0,0.7,0.3
153.68,201.0,1338.8304,-1.4761001,203.0,23.2,458.0,1614.0,4.3097115,0.3614931,2.0,10.0,0.0,0.0,0.0,0.0,0.0,0.7,0.3
153.68,201.0,1278.4154,-1.4761001,203.0,23.2,458.0,1614.0,10.372782,0.3614931,2.0,10.0,0.0,0.0,0.0,0.0,0.0,0.7,0.3
153.68,201.0,1216.875,-1.4761001,203.0,23.2,458.0,1614.0,8.322096,0.3614931,2.0,10.0,0.0,0.0,0.0,0.0,0.0,0.7,0.3
153.68,201.0,1275.4456,-1.4761001,203.0,23.2,458.0,1614.0,5.2625375,0.3614931,2.0,10.0,0.0,0.0,0.0,0.0,0.0,0.7,0.3
153.68,201.0,1290.51,-1.4761001,203.0,23.2,458.0,1614.0,6.7087555,0.3614931,2.0,10.0,0.0,0.0,0.0,0.0,0.0,0.7,0.3
153.68,201.0,1209.8394,-1.6057999,203.0,23.2,458.0,1614.0,12.647878,0.35907337,2.0,10.0,0.0,0.0,0.0,0.0,0.0,0.7,0.3
153.68,201.0,1185.9968,-1.6057999,204.0,23.2,458.0,1614.0,15.377973,0.35907337,2.0,10.0,0.0,0.0,0.0,0.0,0.0,0.7,0.3
108.8,201.0,1275.5918,-1.6057999,204.0,23.2,545.0,1830.0,2.8575883,0.35907337,2.0,10.0,0.0,0.0,0.0,0.0,0.0,0.7,0.3
108.8,201.0,1317.3844,-1.6057999,204.0,23.2,545.0,1830.0,0.4575185,0.35907337,2.0,10.0,0.0,0.0,0.0,0.0,0.0,0.7,0.3
108.8,201.0,1320.1456,-1.6057999,204.0,23.2,545.0,1830.0,0.75910544,0.35907337,2.0,10.0,0.0,0.0,0.0,0.0,0.0,0.7,0.3
108.8,201.0,1324.0165,-1.6057999,204.0,23.2,545.0,1830.0,2.3565457,0.35907337,2.0,10.0,0.0,0.0,0.0,0.0,0.0,0.7,0.3
108.8,201.0,1317.3588,-1.6057999,204.0,23.2,545.0,1830.0,3.3799574,0.35907337,2.0,10.0,0.0,0.0,0.0,0.0,0.0,0.7,0.3
108.8,201.0,1316.9752,-1.6057999,204.0,23.2,545.0,1830.0,3.3188293,0.35907337,2.0,10.0,0.0,0.0,0.0,0.0,0.0,0.7,0.3
108.8,201.0,1316.796,-1.6057999,204.0,23.2,545.0,1830.0,2.7978842,0.35907337,2.0,10.0,0.0,0.0,0.0,0.0,0.0,0.7,0.3
153.68,201.0,1314.1982,-1.4761001,203.0,23.2,458.0,1614.0,6.3375745,0.3614931,2.0,10.0,0.0,0.0,0.0,0.0,0.0,0.7,0.3
153.68,201.0,1303.3113,-1.4761001,203.0,23.2,458.0,1614.0,6.2020645,0.3614931,2.0,10.0,0.0,0.0,0.0,0.0,0.0,0.7,0.3
153.68,201.0,1314.9823,-1.4761001,203.0,23.2,458.0,1614.0,5.7152567,0.3614931,2.0,10.0,0.0,0.0,0.0,0.0,0.0,0.7,0.3
153.68,201.0,1311.7307,-1.4761001,203.0,23.2,458.0,1614.0,7.0168757,0.3614931,2.0,10.0,0.0,0.0,0.0,0.0,0.0,0.7,0.3
153.68,201.0,1276.7555,-1.4761001,203.0,23.2,458.0,1614.0,7.202972,0.3614931,2.0,10.0,0.0,0.0,0.0,0.0,0.0,0.7,0.3
153.68,201.0,1263.354,-1.4761001,203.0,23.2,458.0,1614.0,8.931526,0.3614931,2.0,10.0,0.0,0.0,0.0,0.0,0.0,0.7,0.3
153.68,201.0,1181.937,-1.4761001,203.0,23.2,458.0,1614.0,11.480636,0.3614931,2.0,10.0,0.0,0.0,0.0,0.0,0.0,0.7,0.3
153.68,201.0,1196.8652,-1.4761001,203.0,23.2,458.0,1614.0,6.327422,0.3614931,2.0,10.0,0.0,0.0,0.0,0.0,0.0,0.7,0.3
153.68,201.0,1294.7843,-1.4761001,203.0,23.2,458.0,1614.0,6.7491727,0.3614931,2.0,10.0,0.0,0.0,0.0,0.0,0.0,0.7,0.3
153.68,201.0,1215.7504,-1.4761001,203.0,23.2,458.0,1614.0,10.03448,0.3614931,2.0,10.0,0.0,0.0,0.0,0.0,0.0,0.7,0.3
153.68,201.0,1193.9799,-1.6057999,203.0,23.2,458.0,1614.0,12.624835,0.35907337,2.0,10.0,0.0,0.0,0.0,0.0,0.0,0.7,0.3
108.8,201.0,1182.3884,-1.6057999,204.0,23.2,545.0,1830.0,12.535085,0.35907337,2.0,10.0,0.0,0.0,0.0,0.0,0.0,0.7,0.3
108.8,201.0,1294.1057,-1.6057999,204.0,23.2,545.0,1830.0,1.1118916,0.35907337,2.0,10.0,0.0,0.0,0.0,0.0,0.0,0.7,0.3
108.8,201.0,1318.9492,-1.6057999,204.0,23.2,545.0,1830.0,0.8195634,0.35907337,2.0,10.0,0.0,0.0,0.0,0.0,0.0,0.7,0.3
108.8,201.0,1322.3196,-1.6057999,204.0,23.2,545.0,1830.0,1.0559833,0.35907337,2.0,10.0,0.0,0.0,0.0,0.0,0.0,0.7,0.3
108.8,201.0,1324.7435,-1.6057999,204.0,23.2,545.0,1830.0,2.5120032,0.35907337,2.0,10.0,0.0,0.0,0.0,0.0,0.0,0.7,0.3
108.8,201.0,1324.5134,-1.6057999,204.0,23.2,545.0,1830.0,3.2092597,0.35907337,2.0,10.0,0.0,0.0,0.0,0.0,0.0,0.7,0.3
108.8,201.0,1320.9016,-1.6057999,204.0,23.2,545.0,1830.0,3.1941795,0.35907337,2.0,10.0,0.0,0.0,0.0,0.0,0.0,0.7,0.3
108.8,201.0,1319.9685,-1.6057999,204.0,23.2,545.0,1830.0,2.8890548,0.35907337,1.0,10.0,0.0,0.0,0.0,0.0,0.0,0.7,0.3
153.68,201.0,1147.3497,-1.4761001,203.0,23.2,458.0,1614.0,8.969638,0.3614931,2.0,10.0,0.0,0.0,0.0,0.0,0.0,0.7,0.3
153.68,201.0,1198.98,-1.4761001,203.0,23.2,458.0,1614.0,6.998343,0.3614931,2.0,10.0,0.0,0.0,0.0,0.0,0.0,0.7,0.3
153.68,201.0,1199.1873,-1.4761001,203.0,23.2,458.0,1614.0,8.690208,0.3614931,2.0,10.0,0.0,0.0,0.0,0.0,0.0,0.7,0.3
153.68,201.0,1145.8776,-1.4761001,203.0,23.2,458.0,1614.0,10.284177,0.3614931,2.0,10.0,0.0,0.0,0.0,0.0,0.0,0.7,0.3
153.68,201.0,1160.8805,-1.4761001,203.0,23.2,458.0,1614.0,8.992482,0.3614931,2.0,10.0,0.0,0.0,0.0,0.0,0.0,0.7,0.3
153.68,201.0,1165.2843,-1.4761001,203.0,23.2,458.0,1614.0,8.49858,0.3614931,2.0,10.0,0.0,0.0,0.0,0.0,0.0,0.7,0.3
153.68,201.0,1220.2178,-1.4761001,203.0,23.2,458.0,1614.0,8.024256,0.3614931,2.0,10.0,0.0,0.0,0.0,0.0,0.0,0.7,0.3
153.68,201.0,1235.9309,-1.4761001,203.0,23.2,458.0,1614.0,7.7321715,0.3614931,2.0,10.0,0.0,0.0,0.0,0.0,0.0,0.7,0.3
153.68,201.0,1180.4617,-1.4761001,203.0,23.2,458.0,1614.0,10.399219,0.3614931,2.0,10.0,0.0,0.0,0.0,0.0,0.0,0.7,0.3
153.68,201.0,1236.4146,-1.4761001,203.0,23.2,458.0,1614.0,3.6433878,0.3614931,2.0,10.0,0.0,0.0,0.0,0.0,0.0,0.7,0.3
153.68,201.0,1226.4646,-1.4761001,203.0,23.2,458.0,1614.0,4.8819265,0.3614931,2.0,10.0,0.0,0.0,0.0,0.0,0.0,0.7,0.3
153.68,201.0,1099.1282,-1.4761001,203.0,23.2,458.0,1614.0,12.269596,0.3614931,2.0,10.0,0.0,0.0,0.0,0.0,0.0,0.7,0.3
153.68,201.0,1113.8109,-1.4761001,203.0,23.2,458.0,1614.0,5.2758574,0.3614931,2.0,10.0,0.0,0.0,0.0,0.0,0.0,0.7,0.3
153.68,201.0,1235.9324,-1.4761001,203.0,23.2,458.0,1614.0,1.8725014,0.3614931,2.0,10.0,0.0,0.0,0.0,0.0,0.0,0.7,0.3
153.68,201.0,1271.5702,-1.4761001,203.0,23.2,458.0,1614.0,1.1092442,0.3614931,2.0,10.0,0.0,0.0,0.0,0.0,0.0,0.7,0.3
153.68,201.0,1308.436,-1.4761001,203.0,23.2,458.0,1614.0,4.7891707,0.3614931,2.0,10.0,0.0,0.0,0.0,0.0,0.0,0.7,0.3
153.68,201.0,1282.1426,-1.4761001,203.0,23.2,458.0,1614.0,9.909882,0.3614931,2.0,10.0,0.0,0.0,0.0,0.0,0.0,0.7,0.3
153.68,201.0,1188.507,-1.4761001,203.0,23.2,458.0,1614.0,10.756333,0.3614931,2.0,10.0,0.0,0.0,0.0,0.0,0.0,0.7,0.3
153.68,201.0,1343.3071,-1.4761001,203.0,23.2,458.0,1614.0,6.114185,0.3614931,2.0,10.0,0.0,0.0,0.0,0.0,0.0,0.7,0.3
153.68,201.0,1287.2573,-1.4761001,203.0,23.2,458.0,1614.0,7.1014295,0.3614931,2.0,10.0,0.0,0.0,0.0,0.0,0.0,0.7,0.3
153.68,201.0,1170.0228,-1.4761001,203.0,23.2,458.0,1614.0,10.338131,0.3614931,2.0,10.0,0.0,0.0,0.0,0.0,0.0,0.7,0.3
153.68,201.0,1244.7141,-1.4761001,203.0,23.2,458.0,1614.0,0.72915995,0.3614931,2.0,10.0,0.0,0.0,0.0,0.0,0.0,0.7,0.3
153.68,201.0,1326.2322,-1.4761001,203.0,23.2,458.0,1614.0,1.530508,0.3614931,2.0,10.0,0.0,0.0,0.0,0.0,0.0,0.7,0.3
153.68,201.0,1341.8083,-1.4761001,203.0,23.2,458.0,1614.0,2.0120654,0.3614931,2.0,10.0,0.0,0.0,0.0,0.0,0.0,0.7,0.3
153.68,201.0,1354.0416,-1.4761001,203.0,23.2,458.0,1614.0,5.3966255,0.3614931,2.0,10.0,0.0,0.0,0.0,0.0,0.0,0.7,0.3
153.68,201.0,1333.3365,-1.4761001,203.0,23.2,458.0,1614.0,10.884725,0.3614931,2.0,10.0,0.0,0.0,0.0,0.0,0.0,0.7,0.3
153.68,201.0,1272.666,-1.4761001,203.0,23.2,458.0,1614.0,11.161686,0.3614931,2.0,10.0,0.0,0.0,0.0,0.0,0.0,0.7,0.3
153.68,201.0,1412.457,-1.4761001,203.0,23.2,458.0,1614.0,9.741785,0.3614931,2.0,10.0,0.0,0.0,0.0,0.0,0.0,0.7,0.3
153.68,201.0,1338.2548,-1.4761001,203.0,23.2,458.0,1614.0,10.3741,0.3614931,2.0,10.0,0.0,0.0,0.0,0.0,0.0,0.7,0.3
153.68,201.0,1326.7377,-1.4761001,203.0,23.2,458.0,1614.0,9.341367,0.3614931,2.0,10.0,0.0,0.0,0.0,0.0,0.0,0.7,0.3
153.68,201.0,1365.7854,-1.4761001,203.0,23.2,458.0,1614.0,4.581407,0.3614931,2.0,10.0,0.0,0.0,0.0,0.0,0.0,0.7,0.3
153.68,201.0,1383.1705,-1.4761001,203.0,23.2,458.0,1614.0,5.3492455,0.3614931,2.0,10.0,0.0,0.0,0.0,0.0,0.0,0.7,0.3
153.68,201.0,1387.2726,-1.6057999,203.0,23.2,458.0,1614.0,5.0703864,0.35907337,2.0,10.0,0.0,0.0,0.0,0.0,0.0,0.7,0.3
153.68,201.0,1392.5338,-1.6057999,203.0,23.2,458.0,1614.0,5.863976,0.35907337,2.0,10.0,0.0,0.0,0.0,0.0,0.0,0.7,0.3
153.68,201.0,1342.7205,-1.6057999,203.0,23.2,458.0,1614.0,10.822197,0.35907337,2.0,10.0,0.0,0.0,0.0,0.0,0.0,0.7,0.3
153.68,201.0,1341.9384,-1.6057999,203.0,23.2,458.0,1614.0,12.898521,0.35907337,2.0,10.0,0.0,0.0,0.0,0.0,0.0,0.7,0.3
153.68,201.0,1400.0254,-1.6057999,203.0,23.2,458.0,1614.0,9.211312,0.35907337,2.0,10.0,0.0,0.0,0.0,0.0,0.0,0.7,0.3
153.68,201.0,1385.1266,-1.6057999,203.0,23.2,458.0,1614.0,13.343153,0.35907337,2.0,10.0,0.0,0.0,0.0,0.0,0.0,0.7,0.3
153.68,201.0,1392.0734,-1.6057999,203.0,23.2,458.0,1614.0,9.71863,0.35907337,2.0,10.0,0.0,0.0,0.0,0.0,0.0,0.7,0.3
153.68,201.0,1419.1968,-1.6057999,203.0,23.2,458.0,1614.0,7.288889,0.35907337,2.0,10.0,0.0,0.0,0.0,0.0,0.0,0.7,0.3
153.68,201.0,1424.4261,-1.6057999,203.0,23.2,458.0,1614.0,8.190592,0.35907337,2.0,10.0,0.0,0.0,0.0,0.0,0.0,0.7,0.3
153.68,201.0,1412.9554,-1.6057999,203.0,23.2,458.0,1614.0,7.832766,0.35907337,2.0,10.0,0.0,0.0,0.0,0.0,0.0,0.7,0.3
153.68,201.0,1345.1364,-1.6057999,203.0,23.2,458.0,1614.0,5.9164553,0.35907337,2.0,10.0,0.0,0.0,0.0,0.0,0.0,0.7,0.3
153.68,201.0,1353.2736,-1.6057999,203.0,23.2,458.0,1614.0,7.405427,0.35907337,2.0,10.0,0.0,0.0,0.0,0.0,0.0,0.7,0.3
153.68,201.0,1386.5463,-1.6057999,203.0,23.2,458.0,1614.0,10.826797,0.35907337,2.0,10.0,0.0,0.0,0.0,0.0,0.0,0.7,0.3
153.36,69.0,1340.1718,-1.6057999,203.0,23.2,2535.0,4222.0,2.800169,0.35907337,2.0,10.0,0.0,0.0,0.0,0.0,0.0,0.7,0.3
153.68,69.0,1402.1306,-1.6057999,203.0,23.2,458.0,1614.0,7.906212,0.35907337,2.0,10.0,0.0,0.0,0.0,0.0,0.0,0.7,0.3
153.68,201.0,1413.4441,-1.6057999,203.0,23.2,458.0,1614.0,10.302707,0.35907337,2.0,10.0,0.0,0.0,0.0,0.0,0.0,0.7,0.3
153.68,201.0,1417.4226,-1.6057999,203.0,23.2,458.0,1614.0,4.8897333,0.35907337,2.0,10.0,0.0,0.0,0.0,0.0,0.0,0.7,0.3
153.68,201.0,1402.927,-1.6057999,203.0,23.2,458.0,1614.0,2.2586682,0.35907337,2.0,10.0,0.0,0.0,0.0,0.0,0.0,0.7,0.3
153.68,201.0,1357.3441,-1.6057999,203.0,23.2,458.0,1614.0,9.650916,0.35907337,2.0,10.0,0.0,0.0,0.0,0.0,0.0,0.7,0.3
153.68,201.0,1286.8435,-1.6057999,203.0,23.2,458.0,1614.0,7.110976,0.35907337,2.0,10.0,0.0,0.0,0.0,0.0,0.0,0.7,0.3
153.68,201.0,1290.5634,-1.6057999,203.0,23.2,458.0,1614.0,3.4322262,0.35907337,2.0,10.0,0.0,0.0,0.0,0.0,0.0,0.7,0.3
153.68,201.0,1301.3959,-1.6057999,203.0,23.2,458.0,1614.0,6.7265024,0.35907337,1.0,10.0,0.0,0.0,0.0,0.0,0.0,0.7,0.3
153.68,201.0,1307.1193,-1.6057999,203.0,23.2,458.0,1614.0,9.327785,0.35907337,1.0,10.0,0.0,0.0,0.0,0.0,0.0,0.7,0.3
